{"cameraMode":{"drawMode":0,"name":"Shaded","section":"Shading Mode"},"sceneLighting":true,"audioPlay":false,"sceneViewState":{"m_AlwaysRefresh":false,"showFog":true,"showSkybox":true,"showFlares":true,"showImageEffects":true,"showParticleSystems":true,"showVisualEffectGraphs":true,"m_FxEnabled":true},"in2DMode":false,"pivot":{"x":20.138025283813478,"y":-11.163591384887696,"z":25.81130599975586},"rotation":{"x":0.16522428393363954,"y":0.2728720009326935,"z":-0.04762670397758484,"w":0.9465627670288086},"size":21.81462287902832,"orthographic":false}