{"cameraMode":{"drawMode":0,"name":"Shaded","section":"Shading Mode"},"sceneLighting":false,"audioPlay":false,"sceneViewState":{"m_AlwaysRefresh":false,"showFog":true,"showSkybox":false,"showFlares":true,"showImageEffects":true,"showParticleSystems":true,"showVisualEffectGraphs":true,"m_FxEnabled":true},"in2DMode":false,"pivot":{"x":-0.32994353771209719,"y":3.5014824867248537,"z":0.056463003158569339},"rotation":{"x":0.03718818351626396,"y":0.9531244039535523,"z":-0.1312151402235031,"w":0.2700839340686798},"size":1.451117992401123,"orthographic":false}