{"cameraMode":{"drawMode":0,"name":"Shaded","section":"Shading Mode"},"sceneLighting":false,"audioPlay":false,"sceneViewState":{"m_AlwaysRefresh":false,"showFog":true,"showSkybox":false,"showFlares":true,"showImageEffects":true,"showParticleSystems":true,"showVisualEffectGraphs":true,"m_FxEnabled":true},"in2DMode":false,"pivot":{"x":-0.017061948776245118,"y":0.09866881370544434,"z":0.0764927864074707},"rotation":{"x":-0.1710498332977295,"y":-0.7424787878990173,"z":0.20692729949951173,"w":-0.6136905550956726},"size":5.555872440338135,"orthographic":false}